Employee_Name,Employee_EmailID,Secret_Child_Name,Secret_Child_EmailID
Isabella Scott,isabella.scott@acme.com,charlie.ross.jr@acme.com,charlie.ross.jr@acme.com
Charlie Ross,charlie.ross.jr@acme.com,isabella.scott@acme.com,isabella.scott@acme.com
Spencer Allen,spencer.allen@acme.com,hamish.murray.sr@acme.com,hamish.murray.sr@acme.com
Hamish Murray,hamish.murray.sr@acme.com,spencer.allen@acme.com,spencer.allen@acme.com
Matthew King,matthew.king.jr@acme.com,layla.graham@acme.com,layla.graham@acme.com
Layla Graham,layla.graham@acme.com,matthew.king.jr@acme.com,matthew.king.jr@acme.com
Charlie Ross,charlie.ross@acme.com,matthew.king@acme.com,matthew.king@acme.com
Matthew King,matthew.king@acme.com,charlie.ross@acme.com,charlie.ross@acme.com
Hamish Murray,hamish.murray.jr@acme.com,piper.stewart@acme.com,piper.stewart@acme.com
Piper Stewart,piper.stewart@acme.com,hamish.murray.jr@acme.com,hamish.murray.jr@acme.com
Charlie Wright,charlie.wright@acme.com,ethan.murray@acme.com,ethan.murray@acme.com
Ethan Murray,ethan.murray@acme.com,charlie.wright@acme.com,charlie.wright@acme.com
Hamish Murray,hamish.murray@acme.com,benjamin.collins@acme.com,benjamin.collins@acme.com
Benjamin Collins,benjamin.collins@acme.com,hamish.murray@acme.com,hamish.murray@acme.com
